[
{
    "model": "finance.fincategory",
    "pk": 1,
    "fields": {
        "fin_category": "예금"
    }
},
{
    "model": "finance.fincategory",
    "pk": 2,
    "fields": {
        "fin_category": "적금"
    }
},
{
    "model": "finance.company",
    "pk": 1,
    "fields": {
        "fin_co_no": "0010190",
        "company_name": "유진자산운용"
    }
},
{
    "model": "finance.company",
    "pk": 2,
    "fields": {
        "fin_co_no": "0010211",
        "company_name": "유리자산운용"
    }
},
{
    "model": "finance.company",
    "pk": 3,
    "fields": {
        "fin_co_no": "0011910",
        "company_name": "현대인베스트먼트자산운용"
    }
},
{
    "model": "finance.company",
    "pk": 4,
    "fields": {
        "fin_co_no": "0011997",
        "company_name": "비엔케이자산운용"
    }
},
{
    "model": "finance.company",
    "pk": 5,
    "fields": {
        "fin_co_no": "0012245",
        "company_name": "현대자산운용"
    }
},
{
    "model": "finance.company",
    "pk": 6,
    "fields": {
        "fin_co_no": "0010172",
        "company_name": "브이아이자산운용 주식회사"
    }
},
{
    "model": "finance.company",
    "pk": 7,
    "fields": {
        "fin_co_no": "0010215",
        "company_name": "플러스자산운용"
    }
},
{
    "model": "finance.company",
    "pk": 8,
    "fields": {
        "fin_co_no": "0010587",
        "company_name": "생명보험협회"
    }
},
{
    "model": "finance.company",
    "pk": 9,
    "fields": {
        "fin_co_no": "0010593",
        "company_name": "한화생명보험주식회사"
    }
},
{
    "model": "finance.company",
    "pk": 10,
    "fields": {
        "fin_co_no": "0010594",
        "company_name": "에이비엘생명보험주식회사"
    }
},
{
    "model": "finance.company",
    "pk": 11,
    "fields": {
        "fin_co_no": "0010595",
        "company_name": "삼성생명보험주식회사"
    }
},
{
    "model": "finance.company",
    "pk": 12,
    "fields": {
        "fin_co_no": "0010596",
        "company_name": "흥국생명보험주식회사"
    }
},
{
    "model": "finance.company",
    "pk": 13,
    "fields": {
        "fin_co_no": "0010597",
        "company_name": "교보생명보험주식회사"
    }
},
{
    "model": "finance.company",
    "pk": 14,
    "fields": {
        "fin_co_no": "0010599",
        "company_name": "신한라이프생명보험주식회사"
    }
},
{
    "model": "finance.company",
    "pk": 15,
    "fields": {
        "fin_co_no": "0010607",
        "company_name": "케이디비생명보험주식회사"
    }
},
{
    "model": "finance.company",
    "pk": 16,
    "fields": {
        "fin_co_no": "0010608",
        "company_name": "미래에셋생명보험주식회사"
    }
},
{
    "model": "finance.company",
    "pk": 17,
    "fields": {
        "fin_co_no": "0010618",
        "company_name": "하나생명보험주식회사"
    }
},
{
    "model": "finance.company",
    "pk": 18,
    "fields": {
        "fin_co_no": "0010622",
        "company_name": "동양생명보험주식회사"
    }
},
{
    "model": "finance.company",
    "pk": 19,
    "fields": {
        "fin_co_no": "0010628",
        "company_name": "롯데손해보험주식회사"
    }
},
{
    "model": "finance.company",
    "pk": 20,
    "fields": {
        "fin_co_no": "0010630",
        "company_name": "흥국화재해상보험주식회사"
    }
},
{
    "model": "finance.company",
    "pk": 21,
    "fields": {
        "fin_co_no": "0010633",
        "company_name": "삼성화재해상보험주식회사"
    }
},
{
    "model": "finance.company",
    "pk": 22,
    "fields": {
        "fin_co_no": "0010634",
        "company_name": "현대해상화재보험주식회사"
    }
},
{
    "model": "finance.company",
    "pk": 23,
    "fields": {
        "fin_co_no": "0010635",
        "company_name": "주식회사KB손해보험"
    }
},
{
    "model": "finance.company",
    "pk": 24,
    "fields": {
        "fin_co_no": "0011320",
        "company_name": "푸본현대생명보험주식회사"
    }
},
{
    "model": "finance.company",
    "pk": 25,
    "fields": {
        "fin_co_no": "0013173",
        "company_name": "농협생명보험주식회사"
    }
},
{
    "model": "finance.company",
    "pk": 26,
    "fields": {
        "fin_co_no": "0013174",
        "company_name": "농협손해보험주식회사"
    }
},
{
    "model": "finance.company",
    "pk": 27,
    "fields": {
        "fin_co_no": "0010345",
        "company_name": "애큐온저축은행"
    }
},
{
    "model": "finance.company",
    "pk": 28,
    "fields": {
        "fin_co_no": "0010346",
        "company_name": "오에스비저축은행"
    }
},
{
    "model": "finance.company",
    "pk": 29,
    "fields": {
        "fin_co_no": "0010349",
        "company_name": "디비저축은행"
    }
},
{
    "model": "finance.company",
    "pk": 30,
    "fields": {
        "fin_co_no": "0010350",
        "company_name": "스카이저축은행"
    }
},
{
    "model": "finance.company",
    "pk": 31,
    "fields": {
        "fin_co_no": "0010354",
        "company_name": "민국저축은행"
    }
},
{
    "model": "finance.company",
    "pk": 32,
    "fields": {
        "fin_co_no": "0010356",
        "company_name": "푸른상호저축은행"
    }
},
{
    "model": "finance.company",
    "pk": 33,
    "fields": {
        "fin_co_no": "0010358",
        "company_name": "HB저축은행"
    }
},
{
    "model": "finance.company",
    "pk": 34,
    "fields": {
        "fin_co_no": "0010359",
        "company_name": "키움예스저축은행"
    }
},
{
    "model": "finance.company",
    "pk": 35,
    "fields": {
        "fin_co_no": "0010363",
        "company_name": "더케이저축은행"
    }
},
{
    "model": "finance.company",
    "pk": 36,
    "fields": {
        "fin_co_no": "0010366",
        "company_name": "조은저축은행"
    }
},
{
    "model": "finance.company",
    "pk": 37,
    "fields": {
        "fin_co_no": "0010370",
        "company_name": "에스비아이저축은행"
    }
},
{
    "model": "finance.company",
    "pk": 38,
    "fields": {
        "fin_co_no": "0010378",
        "company_name": "바로저축은행"
    }
},
{
    "model": "finance.company",
    "pk": 39,
    "fields": {
        "fin_co_no": "0010388",
        "company_name": "다올저축은행"
    }
},
{
    "model": "finance.company",
    "pk": 40,
    "fields": {
        "fin_co_no": "0010389",
        "company_name": "유안타저축은행"
    }
},
{
    "model": "finance.company",
    "pk": 41,
    "fields": {
        "fin_co_no": "0010390",
        "company_name": "고려저축은행"
    }
},
{
    "model": "finance.company",
    "pk": 42,
    "fields": {
        "fin_co_no": "0010391",
        "company_name": "국제저축은행"
    }
},
{
    "model": "finance.company",
    "pk": 43,
    "fields": {
        "fin_co_no": "0010404",
        "company_name": "디에이치저축은행"
    }
},
{
    "model": "finance.company",
    "pk": 44,
    "fields": {
        "fin_co_no": "0010416",
        "company_name": "흥국저축은행"
    }
},
{
    "model": "finance.company",
    "pk": 45,
    "fields": {
        "fin_co_no": "0010418",
        "company_name": "우리저축은행"
    }
},
{
    "model": "finance.company",
    "pk": 46,
    "fields": {
        "fin_co_no": "0010419",
        "company_name": "인성저축은행"
    }
},
{
    "model": "finance.company",
    "pk": 47,
    "fields": {
        "fin_co_no": "0010421",
        "company_name": "금화저축은행"
    }
},
{
    "model": "finance.company",
    "pk": 48,
    "fields": {
        "fin_co_no": "0010426",
        "company_name": "인천저축은행"
    }
},
{
    "model": "finance.company",
    "pk": 49,
    "fields": {
        "fin_co_no": "0010430",
        "company_name": "모아저축은행"
    }
},
{
    "model": "finance.company",
    "pk": 50,
    "fields": {
        "fin_co_no": "0010437",
        "company_name": "대백저축은행"
    }
},
{
    "model": "finance.company",
    "pk": 51,
    "fields": {
        "fin_co_no": "0010438",
        "company_name": "유니온상호저축은행"
    }
},
{
    "model": "finance.company",
    "pk": 52,
    "fields": {
        "fin_co_no": "0010439",
        "company_name": "엠에스상호저축은행"
    }
},
{
    "model": "finance.company",
    "pk": 53,
    "fields": {
        "fin_co_no": "0010448",
        "company_name": "안국저축은행"
    }
},
{
    "model": "finance.company",
    "pk": 54,
    "fields": {
        "fin_co_no": "0010449",
        "company_name": "남양저축은행"
    }
},
{
    "model": "finance.company",
    "pk": 55,
    "fields": {
        "fin_co_no": "0010453",
        "company_name": "부림저축은행"
    }
},
{
    "model": "finance.company",
    "pk": 56,
    "fields": {
        "fin_co_no": "0010456",
        "company_name": "키움저축은행"
    }
},
{
    "model": "finance.company",
    "pk": 57,
    "fields": {
        "fin_co_no": "0010457",
        "company_name": "삼정저축은행"
    }
},
{
    "model": "finance.company",
    "pk": 58,
    "fields": {
        "fin_co_no": "0010460",
        "company_name": "평택저축은행"
    }
},
{
    "model": "finance.company",
    "pk": 59,
    "fields": {
        "fin_co_no": "0010463",
        "company_name": "안양저축은행"
    }
},
{
    "model": "finance.company",
    "pk": 60,
    "fields": {
        "fin_co_no": "0010464",
        "company_name": "영진저축은행"
    }
},
{
    "model": "finance.company",
    "pk": 61,
    "fields": {
        "fin_co_no": "0010467",
        "company_name": "융창저축은행"
    }
},
{
    "model": "finance.company",
    "pk": 62,
    "fields": {
        "fin_co_no": "0010468",
        "company_name": "세람상호저축은행"
    }
},
{
    "model": "finance.company",
    "pk": 63,
    "fields": {
        "fin_co_no": "0010471",
        "company_name": "페퍼저축은행"
    }
},
{
    "model": "finance.company",
    "pk": 64,
    "fields": {
        "fin_co_no": "0010473",
        "company_name": "상상인저축은행"
    }
},
{
    "model": "finance.company",
    "pk": 65,
    "fields": {
        "fin_co_no": "0010477",
        "company_name": "한화저축은행"
    }
},
{
    "model": "finance.company",
    "pk": 66,
    "fields": {
        "fin_co_no": "0010478",
        "company_name": "CK저축은행"
    }
},
{
    "model": "finance.company",
    "pk": 67,
    "fields": {
        "fin_co_no": "0010485",
        "company_name": "대명상호저축은행"
    }
},
{
    "model": "finance.company",
    "pk": 68,
    "fields": {
        "fin_co_no": "0010488",
        "company_name": "우리금융저축은행"
    }
},
{
    "model": "finance.company",
    "pk": 69,
    "fields": {
        "fin_co_no": "0010489",
        "company_name": "청주저축은행"
    }
},
{
    "model": "finance.company",
    "pk": 70,
    "fields": {
        "fin_co_no": "0010492",
        "company_name": "한성저축은행"
    }
},
{
    "model": "finance.company",
    "pk": 71,
    "fields": {
        "fin_co_no": "0010508",
        "company_name": "상상인플러스저축은행"
    }
},
{
    "model": "finance.company",
    "pk": 72,
    "fields": {
        "fin_co_no": "0010509",
        "company_name": "아산저축은행"
    }
},
{
    "model": "finance.company",
    "pk": 73,
    "fields": {
        "fin_co_no": "0010510",
        "company_name": "오투저축은행"
    }
},
{
    "model": "finance.company",
    "pk": 74,
    "fields": {
        "fin_co_no": "0010521",
        "company_name": "스타저축은행"
    }
},
{
    "model": "finance.company",
    "pk": 75,
    "fields": {
        "fin_co_no": "0010526",
        "company_name": "대한저축은행"
    }
},
{
    "model": "finance.company",
    "pk": 76,
    "fields": {
        "fin_co_no": "0010527",
        "company_name": "동양저축은행"
    }
},
{
    "model": "finance.company",
    "pk": 77,
    "fields": {
        "fin_co_no": "0010528",
        "company_name": "더블저축은행"
    }
},
{
    "model": "finance.company",
    "pk": 78,
    "fields": {
        "fin_co_no": "0010533",
        "company_name": "센트럴저축은행"
    }
},
{
    "model": "finance.company",
    "pk": 79,
    "fields": {
        "fin_co_no": "0010534",
        "company_name": "스마트저축은행"
    }
},
{
    "model": "finance.company",
    "pk": 80,
    "fields": {
        "fin_co_no": "0010537",
        "company_name": "한국투자저축은행"
    }
},
{
    "model": "finance.company",
    "pk": 81,
    "fields": {
        "fin_co_no": "0010550",
        "company_name": "라온저축은행"
    }
},
{
    "model": "finance.company",
    "pk": 82,
    "fields": {
        "fin_co_no": "0010551",
        "company_name": "드림저축은행"
    }
},
{
    "model": "finance.company",
    "pk": 83,
    "fields": {
        "fin_co_no": "0010553",
        "company_name": "대아상호저축은행"
    }
},
{
    "model": "finance.company",
    "pk": 84,
    "fields": {
        "fin_co_no": "0010556",
        "company_name": "머스트삼일저축은행"
    }
},
{
    "model": "finance.company",
    "pk": 85,
    "fields": {
        "fin_co_no": "0010560",
        "company_name": "참저축은행"
    }
},
{
    "model": "finance.company",
    "pk": 86,
    "fields": {
        "fin_co_no": "0010562",
        "company_name": "오성저축은행"
    }
},
{
    "model": "finance.company",
    "pk": 87,
    "fields": {
        "fin_co_no": "0010568",
        "company_name": "대원상호저축은행"
    }
},
{
    "model": "finance.company",
    "pk": 88,
    "fields": {
        "fin_co_no": "0010569",
        "company_name": "에스앤티저축은행"
    }
},
{
    "model": "finance.company",
    "pk": 89,
    "fields": {
        "fin_co_no": "0010572",
        "company_name": "솔브레인저축은행"
    }
},
{
    "model": "finance.company",
    "pk": 90,
    "fields": {
        "fin_co_no": "0010574",
        "company_name": "동원제일저축은행"
    }
},
{
    "model": "finance.company",
    "pk": 91,
    "fields": {
        "fin_co_no": "0010575",
        "company_name": "조흥저축은행"
    }
},
{
    "model": "finance.company",
    "pk": 92,
    "fields": {
        "fin_co_no": "0010576",
        "company_name": "진주저축은행"
    }
},
{
    "model": "finance.company",
    "pk": 93,
    "fields": {
        "fin_co_no": "0010722",
        "company_name": "상호저축은행중앙회"
    }
},
{
    "model": "finance.company",
    "pk": 94,
    "fields": {
        "fin_co_no": "0011551",
        "company_name": "예가람저축은행"
    }
},
{
    "model": "finance.company",
    "pk": 95,
    "fields": {
        "fin_co_no": "0011767",
        "company_name": "제이티저축은행"
    }
},
{
    "model": "finance.company",
    "pk": 96,
    "fields": {
        "fin_co_no": "0012120",
        "company_name": "삼호저축은행"
    }
},
{
    "model": "finance.company",
    "pk": 97,
    "fields": {
        "fin_co_no": "0012711",
        "company_name": "엔에이치저축은행"
    }
},
{
    "model": "finance.company",
    "pk": 98,
    "fields": {
        "fin_co_no": "0012840",
        "company_name": "대신저축은행"
    }
},
{
    "model": "finance.company",
    "pk": 99,
    "fields": {
        "fin_co_no": "0012889",
        "company_name": "아이비케이저축은행"
    }
},
{
    "model": "finance.company",
    "pk": 100,
    "fields": {
        "fin_co_no": "0013002",
        "company_name": "비엔케이저축은행"
    }
},
{
    "model": "finance.company",
    "pk": 101,
    "fields": {
        "fin_co_no": "0013127",
        "company_name": "케이비저축은행"
    }
},
{
    "model": "finance.company",
    "pk": 102,
    "fields": {
        "fin_co_no": "0013166",
        "company_name": "하나저축은행"
    }
},
{
    "model": "finance.company",
    "pk": 103,
    "fields": {
        "fin_co_no": "0013308",
        "company_name": "제이티친애저축은행"
    }
},
{
    "model": "finance.company",
    "pk": 104,
    "fields": {
        "fin_co_no": "0013313",
        "company_name": "신한저축은행"
    }
},
{
    "model": "finance.company",
    "pk": 105,
    "fields": {
        "fin_co_no": "0013350",
        "company_name": "웰컴저축은행"
    }
},
{
    "model": "finance.company",
    "pk": 106,
    "fields": {
        "fin_co_no": "0013351",
        "company_name": "오케이저축은행"
    }
},
{
    "model": "finance.company",
    "pk": 107,
    "fields": {
        "fin_co_no": "0010225",
        "company_name": "현대카드㈜"
    }
},
{
    "model": "finance.company",
    "pk": 108,
    "fields": {
        "fin_co_no": "0010226",
        "company_name": "롯데카드㈜"
    }
},
{
    "model": "finance.company",
    "pk": 109,
    "fields": {
        "fin_co_no": "0010227",
        "company_name": "비씨카드㈜"
    }
},
{
    "model": "finance.company",
    "pk": 110,
    "fields": {
        "fin_co_no": "0010228",
        "company_name": "삼성카드㈜"
    }
},
{
    "model": "finance.company",
    "pk": 111,
    "fields": {
        "fin_co_no": "0010229",
        "company_name": "신한카드㈜"
    }
},
{
    "model": "finance.company",
    "pk": 112,
    "fields": {
        "fin_co_no": "0010235",
        "company_name": "산은캐피탈㈜"
    }
},
{
    "model": "finance.company",
    "pk": 113,
    "fields": {
        "fin_co_no": "0010240",
        "company_name": "오케이캐피탈 ㈜"
    }
},
{
    "model": "finance.company",
    "pk": 114,
    "fields": {
        "fin_co_no": "0010245",
        "company_name": "한국캐피탈㈜"
    }
},
{
    "model": "finance.company",
    "pk": 115,
    "fields": {
        "fin_co_no": "0010250",
        "company_name": "케이비캐피탈㈜"
    }
},
{
    "model": "finance.company",
    "pk": 116,
    "fields": {
        "fin_co_no": "0010255",
        "company_name": "우리금융캐피탈㈜"
    }
},
{
    "model": "finance.company",
    "pk": 117,
    "fields": {
        "fin_co_no": "0010256",
        "company_name": "코스모캐피탈㈜"
    }
},
{
    "model": "finance.company",
    "pk": 118,
    "fields": {
        "fin_co_no": "0010259",
        "company_name": "롯데캐피탈㈜"
    }
},
{
    "model": "finance.company",
    "pk": 119,
    "fields": {
        "fin_co_no": "0010267",
        "company_name": "제이비우리캐피탈㈜"
    }
},
{
    "model": "finance.company",
    "pk": 120,
    "fields": {
        "fin_co_no": "0010268",
        "company_name": "하나캐피탈㈜"
    }
},
{
    "model": "finance.company",
    "pk": 121,
    "fields": {
        "fin_co_no": "0010271",
        "company_name": "현대캐피탈㈜"
    }
},
{
    "model": "finance.company",
    "pk": 122,
    "fields": {
        "fin_co_no": "0010275",
        "company_name": "미래에셋캐피탈㈜"
    }
},
{
    "model": "finance.company",
    "pk": 123,
    "fields": {
        "fin_co_no": "0010741",
        "company_name": "㈜아이비케이캐피탈"
    }
},
{
    "model": "finance.company",
    "pk": 124,
    "fields": {
        "fin_co_no": "0010928",
        "company_name": "비엠더블유파이낸셜서비스코리아㈜"
    }
},
{
    "model": "finance.company",
    "pk": 125,
    "fields": {
        "fin_co_no": "0011215",
        "company_name": "트라톤파이낸셜서비스코리아㈜"
    }
},
{
    "model": "finance.company",
    "pk": 126,
    "fields": {
        "fin_co_no": "0011375",
        "company_name": "엠캐피탈㈜"
    }
},
{
    "model": "finance.company",
    "pk": 127,
    "fields": {
        "fin_co_no": "0011575",
        "company_name": "알씨아이파이낸셜서비스코리아㈜"
    }
},
{
    "model": "finance.company",
    "pk": 128,
    "fields": {
        "fin_co_no": "0011735",
        "company_name": "㈜애큐온캐피탈"
    }
},
{
    "model": "finance.company",
    "pk": 129,
    "fields": {
        "fin_co_no": "0011766",
        "company_name": "현대커머셜㈜"
    }
},
{
    "model": "finance.company",
    "pk": 130,
    "fields": {
        "fin_co_no": "0011797",
        "company_name": "엔에이치농협캐피탈㈜"
    }
},
{
    "model": "finance.company",
    "pk": 131,
    "fields": {
        "fin_co_no": "0011923",
        "company_name": "에이캐피탈㈜"
    }
},
{
    "model": "finance.company",
    "pk": 132,
    "fields": {
        "fin_co_no": "0012175",
        "company_name": "㈜에이치비캐피탈"
    }
},
{
    "model": "finance.company",
    "pk": 133,
    "fields": {
        "fin_co_no": "0012303",
        "company_name": "㈜아이엠캐피탈"
    }
},
{
    "model": "finance.company",
    "pk": 134,
    "fields": {
        "fin_co_no": "0012418",
        "company_name": "㈜에코캐피탈"
    }
},
{
    "model": "finance.company",
    "pk": 135,
    "fields": {
        "fin_co_no": "0012452",
        "company_name": "비엔케이캐피탈㈜"
    }
},
{
    "model": "finance.company",
    "pk": 136,
    "fields": {
        "fin_co_no": "0012621",
        "company_name": "폭스바겐파이낸셜서비스코리아㈜"
    }
},
{
    "model": "finance.company",
    "pk": 137,
    "fields": {
        "fin_co_no": "0012627",
        "company_name": "㈜케이비국민카드"
    }
},
{
    "model": "finance.company",
    "pk": 138,
    "fields": {
        "fin_co_no": "0013202",
        "company_name": "메리츠캐피탈㈜"
    }
},
{
    "model": "finance.company",
    "pk": 139,
    "fields": {
        "fin_co_no": "0013220",
        "company_name": "롯데오토리스㈜"
    }
},
{
    "model": "finance.company",
    "pk": 140,
    "fields": {
        "fin_co_no": "0013223",
        "company_name": "한국자산캐피탈㈜"
    }
},
{
    "model": "finance.company",
    "pk": 141,
    "fields": {
        "fin_co_no": "0013361",
        "company_name": "㈜우리카드"
    }
},
{
    "model": "finance.company",
    "pk": 142,
    "fields": {
        "fin_co_no": "0013411",
        "company_name": "도이치파이낸셜㈜"
    }
},
{
    "model": "finance.company",
    "pk": 143,
    "fields": {
        "fin_co_no": "0013640",
        "company_name": "하나카드㈜"
    }
},
{
    "model": "finance.company",
    "pk": 144,
    "fields": {
        "fin_co_no": "0013706",
        "company_name": "한국투자캐피탈㈜"
    }
},
{
    "model": "finance.company",
    "pk": 145,
    "fields": {
        "fin_co_no": "0014043",
        "company_name": "웰컴캐피탈㈜"
    }
},
{
    "model": "finance.company",
    "pk": 146,
    "fields": {
        "fin_co_no": "0017074",
        "company_name": "리딩에이스캐피탈㈜"
    }
},
{
    "model": "finance.company",
    "pk": 147,
    "fields": {
        "fin_co_no": "0010001",
        "company_name": "우리은행"
    }
},
{
    "model": "finance.company",
    "pk": 148,
    "fields": {
        "fin_co_no": "0010002",
        "company_name": "한국스탠다드차타드은행"
    }
},
{
    "model": "finance.company",
    "pk": 149,
    "fields": {
        "fin_co_no": "0010016",
        "company_name": "아이엠뱅크"
    }
},
{
    "model": "finance.company",
    "pk": 150,
    "fields": {
        "fin_co_no": "0010017",
        "company_name": "부산은행"
    }
},
{
    "model": "finance.company",
    "pk": 151,
    "fields": {
        "fin_co_no": "0010019",
        "company_name": "광주은행"
    }
},
{
    "model": "finance.company",
    "pk": 152,
    "fields": {
        "fin_co_no": "0010020",
        "company_name": "제주은행"
    }
},
{
    "model": "finance.company",
    "pk": 153,
    "fields": {
        "fin_co_no": "0010022",
        "company_name": "전북은행"
    }
},
{
    "model": "finance.company",
    "pk": 154,
    "fields": {
        "fin_co_no": "0010024",
        "company_name": "경남은행"
    }
},
{
    "model": "finance.company",
    "pk": 155,
    "fields": {
        "fin_co_no": "0010026",
        "company_name": "중소기업은행"
    }
},
{
    "model": "finance.company",
    "pk": 156,
    "fields": {
        "fin_co_no": "0010030",
        "company_name": "한국산업은행"
    }
},
{
    "model": "finance.company",
    "pk": 157,
    "fields": {
        "fin_co_no": "0010927",
        "company_name": "국민은행"
    }
},
{
    "model": "finance.company",
    "pk": 158,
    "fields": {
        "fin_co_no": "0011625",
        "company_name": "신한은행"
    }
},
{
    "model": "finance.company",
    "pk": 159,
    "fields": {
        "fin_co_no": "0013175",
        "company_name": "농협은행주식회사"
    }
},
{
    "model": "finance.company",
    "pk": 160,
    "fields": {
        "fin_co_no": "0013909",
        "company_name": "하나은행"
    }
},
{
    "model": "finance.company",
    "pk": 161,
    "fields": {
        "fin_co_no": "0014674",
        "company_name": "주식회사 케이뱅크"
    }
},
{
    "model": "finance.company",
    "pk": 162,
    "fields": {
        "fin_co_no": "0014807",
        "company_name": "수협은행"
    }
},
{
    "model": "finance.company",
    "pk": 163,
    "fields": {
        "fin_co_no": "0015130",
        "company_name": "주식회사 카카오뱅크"
    }
},
{
    "model": "finance.company",
    "pk": 164,
    "fields": {
        "fin_co_no": "0017801",
        "company_name": "토스뱅크 주식회사"
    }
},
{
    "model": "finance.product",
    "pk": 1,
    "fields": {
        "product_company": 147,
        "fin_category": 1,
        "fin_co_no": "0010001",
        "fin_prdt_cd": "WR0001B",
        "fin_prdt_nm": "WON플러스예금",
        "mtrt_int": "만기 후\n- 1개월이내 : 만기시점약정이율×50%\n- 1개월초과 6개월이내: 만기시점약정이율×30%\n- 6개월초과 : 만기시점약정이율×20%\n\n※ 만기시점 약정이율 : 일반정기예금 금리",
        "spcl_cnd": "해당사항 없음",
        "join_member": "실명의 개인",
        "etc_note": "- 가입기간: 1~36개월\n- 최소가입금액: 1만원 이상\n- 만기일을 일,월 단위로 자유롭게 선택 가능\n- 만기해지 시 신규일 당시 영업점과 인터넷 홈페이지에 고시된 계약기간별 금리 적용",
        "join_way": "인터넷,스마트폰,전화(텔레뱅킹)"
    }
},
{
    "model": "finance.product",
    "pk": 2,
    "fields": {
        "product_company": 149,
        "fin_category": 1,
        "fin_co_no": "0010016",
        "fin_prdt_cd": "10511008001166004",
        "fin_prdt_nm": "iM함께예금",
        "mtrt_int": "만기 후 1개월 미만 경과 : 약정이자율 x 50%\n만기 후 3개월 미만 경과 : 약정이자율 x 25% \n만기 후 3개월 이상 경과 : 약정이자율 x 10%",
        "spcl_cnd": "*최고우대금리: 연0.45%p\n-전월 총 수신 평잔실적 또는 상품 가입 전 첫만남플러스 통장 보유시 \n-당행 주택청약상품보유 \n-신규일 \"iM함께적금\" 동시 가입 및 만기 보유 \n-당행 오픈뱅킹서비스에 다른 은행 계좌 등록시 \n각 연0.10%p                       \n*해당 상품을 인터넷/모바일뱅킹을 통해 가입 시: 연0.05%p",
        "join_member": "실명의 개인 및 개인사업자",
        "etc_note": "계좌당 가입 최저한도 : 100만원",
        "join_way": "영업점,인터넷,스마트폰"
    }
},
{
    "model": "finance.product",
    "pk": 3,
    "fields": {
        "product_company": 147,
        "fin_category": 1,
        "fin_co_no": "0010001",
        "fin_prdt_cd": "WR0001L",
        "fin_prdt_nm": "WON적금",
        "mtrt_int": "만기 후\n- 1개월이내 : 만기시점약정이율×50%\n- 1개월초과 6개월이내: 만기시점약정이율×30%\n- 6개월초과 : 만기시점약정이율×20%\n\n※ 만기시점 약정이율 : 일반정기적금 금리",
        "spcl_cnd": "1. 아래 각 항(가, 나)의 조건을 충족하는 경우 합산 최대 연 0.2%p 우대\n가. 이 적금을 우리꿈통장, WON통장에 연결하여 가입하는 경우 : 0.1%p\n나. 우리 오픈뱅킹 서비스에 타행계좌가 등록되어 있는 경우 : 연 0.1%p",
        "join_member": "실명의 개인",
        "etc_note": "1. 가입기간 : 1년\n2. 가입금액 : 월 50만원 이내",
        "join_way": "스마트폰,전화(텔레뱅킹)"
    }
},
{
    "model": "finance.product",
    "pk": 4,
    "fields": {
        "product_company": 149,
        "fin_category": 1,
        "fin_co_no": "0010016",
        "fin_prdt_cd": "10511008000996000",
        "fin_prdt_nm": "iM주거래우대예금(첫만남고객형)",
        "mtrt_int": "만기 후 1개월 미만 경과 : 약정이자율 x 50%\n만기 후 3개월 미만 경과 : 약정이자율 x 25% \n만기 후 3개월 이상 경과 : 약정이자율 x 10%",
        "spcl_cnd": "* 최고우대금리 : 연0.65%p              \n - 목돈굴리기예금 최초 가입시 : 연0.20%p\n - 상품 가입 전 최근 1개월 이내 신용(체크)카드 신규 발급 : 연0.20%p\n - 상품 가입 전 최근 1개월 이내 인터넷.폰.모바일앱뱅킹 가입 : 연0.20%p\n * 해당 상품을 인터넷/모바일뱅킹을 통해 가입 : 연0.05%p",
        "join_member": "실명의 개인",
        "etc_note": "계좌당 가입 최저한도 : 100만원",
        "join_way": "영업점,인터넷,스마트폰"
    }
},
{
    "model": "finance.productoption",
    "pk": 1,
    "fields": {
        "base_product": 1,
        "fin_prdt_cd": "WR0001B",
        "save_trm": 1,
        "intr_rate": 3.0,
        "intr_rate2": 3.0
    }
},
{
    "model": "finance.productoption",
    "pk": 2,
    "fields": {
        "base_product": 1,
        "fin_prdt_cd": "WR0001B",
        "save_trm": 3,
        "intr_rate": 3.37,
        "intr_rate2": 3.37
    }
},
{
    "model": "finance.productoption",
    "pk": 3,
    "fields": {
        "base_product": 1,
        "fin_prdt_cd": "WR0001B",
        "save_trm": 6,
        "intr_rate": 3.42,
        "intr_rate2": 3.42
    }
},
{
    "model": "finance.productoption",
    "pk": 4,
    "fields": {
        "base_product": 1,
        "fin_prdt_cd": "WR0001B",
        "save_trm": 12,
        "intr_rate": 3.37,
        "intr_rate2": 3.37
    }
},
{
    "model": "finance.productoption",
    "pk": 5,
    "fields": {
        "base_product": 1,
        "fin_prdt_cd": "WR0001B",
        "save_trm": 24,
        "intr_rate": 2.7,
        "intr_rate2": 2.7
    }
},
{
    "model": "finance.productoption",
    "pk": 6,
    "fields": {
        "base_product": 1,
        "fin_prdt_cd": "WR0001B",
        "save_trm": 36,
        "intr_rate": 2.7,
        "intr_rate2": 2.7
    }
},
{
    "model": "finance.productoption",
    "pk": 7,
    "fields": {
        "base_product": 2,
        "fin_prdt_cd": "10511008001166004",
        "save_trm": 12,
        "intr_rate": 3.05,
        "intr_rate2": 3.5
    }
},
{
    "model": "finance.productoption",
    "pk": 8,
    "fields": {
        "base_product": 3,
        "fin_prdt_cd": "WR0001L",
        "save_trm": 12,
        "intr_rate": 3.7,
        "intr_rate2": 3.9
    }
},
{
    "model": "finance.productoption",
    "pk": 9,
    "fields": {
        "base_product": 3,
        "fin_prdt_cd": "WR0001L",
        "save_trm": 12,
        "intr_rate": 3.7,
        "intr_rate2": 3.9
    }
},
{
    "model": "finance.productoption",
    "pk": 10,
    "fields": {
        "base_product": 4,
        "fin_prdt_cd": "10511008000996000",
        "save_trm": 6,
        "intr_rate": 2.22,
        "intr_rate2": 2.87
    }
},
{
    "model": "finance.productoption",
    "pk": 11,
    "fields": {
        "base_product": 4,
        "fin_prdt_cd": "10511008000996000",
        "save_trm": 12,
        "intr_rate": 2.91,
        "intr_rate2": 3.56
    }
},
{
    "model": "finance.productoption",
    "pk": 12,
    "fields": {
        "base_product": 4,
        "fin_prdt_cd": "10511008000996000",
        "save_trm": 24,
        "intr_rate": 2.78,
        "intr_rate2": 3.43
    }
},
{
    "model": "finance.productoption",
    "pk": 13,
    "fields": {
        "base_product": 4,
        "fin_prdt_cd": "10511008000996000",
        "save_trm": 36,
        "intr_rate": 2.8,
        "intr_rate2": 3.45
    }
},
{
    "model": "finance.joinproduct",
    "pk": 1,
    "fields": {
        "user": 1,
        "product": 1
    }
},
{
    "model": "finance.joinproduct",
    "pk": 2,
    "fields": {
        "user": 1,
        "product": 2
    }
},
{
    "model": "finance.joinproduct",
    "pk": 3,
    "fields": {
        "user": 1,
        "product": 3
    }
},
{
    "model": "finance.joinproduct",
    "pk": 4,
    "fields": {
        "user": 2,
        "product": 4
    }
},
{
    "model": "finance.joinproduct",
    "pk": 5,
    "fields": {
        "user": 2,
        "product": 2
    }
},
{
    "model": "finance.favoriteproduct",
    "pk": 1,
    "fields": {
        "user": 1,
        "product": 1
    }
},
{
    "model": "finance.favoriteproduct",
    "pk": 2,
    "fields": {
        "user": 1,
        "product": 2
    }
},
{
    "model": "finance.favoriteproduct",
    "pk": 3,
    "fields": {
        "user": 1,
        "product": 3
    }
},
{
    "model": "finance.favoriteproduct",
    "pk": 4,
    "fields": {
        "user": 2,
        "product": 4
    }
},
{
    "model": "finance.favoriteproduct",
    "pk": 5,
    "fields": {
        "user": 2,
        "product": 2
    }
}
]
